Status,Country,Adm1,Adm1 P-Code,Location,Centre Name,Primary Organisation (Clinical Management),Type1,Deaths,Confirmed,Suspected
#status,#country,#adm1,#adm1+code,#loc,#loc,#org,#loc+type,#affected+dead,#affected+confirmed,#affected+suspected
Pending,Liberia,Margibi,LR09,Kakata 1,Kakata 2 AFL,AFL,ETC,0,0,0
Functional,Guinea,Nzerekore,GN008,,Nzerekore,Ailema (?),ETC,45,56,3
Pending,Liberia,River Gee,LR13,Fishtown,Fishtown ETC,American Red Cross,ETC,0,0,0
Functional,Sierra Leone,Western,SL04,Jui,Sierra Leone-China Friendship Hospital (Jui Hospital),Chinese CDC,ETC,47,65,17
Pending,Guinea,Nzerekore,GN008,,,Croix-Rouge franÃ§aise,ETC,0,0,0
Pending,Sierra Leone,Western,SL04,Freetown,Goderich,EMERGENCY,ETC,0,0,0
Functional,Sierra Leone,Western,SL04,Lakka,Lakka Hospital ETU,EMERGENCY Italian NGO,ETC,3,17,11
Functional,Liberia,Margibi,LR09,Firestone,Firestone Medical Center,Firestone Company,ETC,14,29,19
Functional,Liberia,Montserrado,LR11,Monrovia,"Monrovia, Congo Town - Old Ministry of Defence ETU 1",FMT,ETC,1,30,6
Pending,Liberia,Montserrado,LR11,Monrovia,SKD Stadium 2,German Red Cross,ETC,0,0,0
Pending,Liberia,Lofa,LR08,Vonjama,Voinjama ETC,GOAL,ETC,0,0,0
Pending,Sierra Leone,Northern,SL02,,Port Loko ETU,GOAL,ETC,0,0,0
Pending,Liberia,Nimba,LR12,Tappita,Tappita ETC,Heart to Heart International,ETC,0,0,0
Functional,Sierra Leone,Eastern,SL01,Kenema,Rural Kenema Field Hospital ETC,IFRC,ETC,37,42,17
Functional,Liberia,Bong,LR02,Gbarnga,Bong County ETC,IMC,ETC,28,38,23
Functional,Liberia,Margibi,LR09,Kakata 1,Kakata 1 (Save the Children),IMC,ETC,19,37,19
Pending,Sierra Leone,Northern,SL02,Gbom Samba Town/ Lunsar,Lunsar ETU,IMC,ETC,0,0,0
Functional,Liberia,Bomi,LR01,Tubmanburg,Tubmanburg ETC,IOM,ETC,17,29,28
Pending,Liberia,Grand Bassa,LR04,Buchanan,Arcelor Mittal Hospital (India),IOM,ETC,0,0,0
Pending,Liberia,Grand Cape Mount,LR05,Sinje,Sinje ETC,IOM,ETC,0,0,0
Pending,Sierra Leone,Northern,SL02,Makeni,Makeni ETU,IOM,ETC,0,0,0
Pending,Liberia,Montserrado,LR11,Monrovia,SKD Stadium 1,IRC,ETC,0,0,0
Pending,Sierra Leone,Southern,SL03,Moyamba,Moyamba ETU,MDM,ETC,0,0,0
Functional,Liberia,Montserrado,LR11,Banjao,Unity Convention Centre,MoH Liberia,ETC,34,48,23
Functional,Liberia,Montserrado,LR11,Monrovia,ELWA2 Hospital,MOH Liberia,ETC,15,19,22
Functional,Liberia,Montserrado,LR11,Monrovia,"Island Clinic (Oniyama Specialist Hospital), Location: Bushrod Island",MOH Liberia,ETC,26,32,33
CLOSED,Liberia,Montserrado,LR11,Monrovia,JFK Hospital,MOH Liberia,ETC,37,53,34
Functional,Liberia,Montserrado,LR11,Monrovia,Redemption Hospital,MOH Liberia,ETC,18,35,15
CLOSED,Sierra Leone,Eastern,SL01,Kenema,Kenema Government Hospital (KGH),MOH Sierra Leone,ETC,29,34,26
Functional,Sierra Leone,Northern,SL02,Makeni,Magbenteh Hospital,MoH Sierra Leone,ETC,17,52,37
Functional,Sierra Leone,Northern,SL02,,Maforki ETU,MoH Sierra Leone,ETC,23,29,18
Functional,Sierra Leone,Western,SL04,Hastings,Hasting Police Training School,MOH Sierra Leone,ETC,19,37,29
Functional,Sierra Leone,Western,SL04,,AHS - Waterloo Hospital,MOH Sierra Leone,ETC,47,64,17
Pending,Sierra Leone,Western,SL04,,Police Training Sch-Hastings 2,MOH Sierra Leone,ETC,0,0,0
Pending,Liberia,Montserrado,LR11,Monrovia,"Monrovia, Congo Town - Old Ministry of Defence ETU 2",MSB Sweden,ETC,0,0,0
Pending,Liberia,Grand Gedeh,LR06,Grand Gedeh,Grand Gedeh ETC,NGO,ETC,0,0,0
Functional,Liberia,Bong,LR02,Suakoko,Phebe Hospital,No Partner Identified,ETC,14,29,28
Pending,Liberia,Grand Gedeh,LR06,Zwedru,Zwedru ETC,Partners in Health,ETC,0,0,0
Pending,Liberia,Nimba,LR12,Ganta,Ganta ETC,PCI,ETC,0,0,0
Pending,Liberia,Montserrado,LR11,Monrovia,SKD II (PLA),People's Liberation Army (China),ETC,0,0,0
Pending,Sierra Leone,Western,SL04,Freetown,Hastings,RSLAF,ETC,0,0,0
Functional,Liberia,Montserrado,LR11,Monrovia,ELWA1 Hospital,Samaritans Purse,ETC,23,45,3
Functional,Sierra Leone,Western,SL04,Kerry Town,Kerry Town ETC,Save the Children,ETC,37,511,34
Functional,Sierra Leone,Western,SL04,Kerry Town,Kerry Town ETC - Section for care of Health Care Workers,UK MoD,ETC,28,30,52
Pending,Liberia,Gbarpolu,LR03,Bopolu,Gbarpolu ETC,USAID Contract,ETC,0,0,0
Pending,Liberia,Grand Kru,LR07,Barclayville,Barclayville ETC,USAID Contract,ETC,0,0,0
Pending,Liberia,Lofa,LR08,Zorzor,Zorzor ETC,USAID Contract,ETC,0,0,0
Pending,Liberia,Maryland,LR10,Harper,Harper ETC,USAID Contract,ETC,0,0,0
Pending,Liberia,Maryland,LR10,Maryland,Maryland ETC,USAID Contract,ETC,0,0,0
Pending,Liberia,River Gee,LR13,RiverGee,River Gee,USAID Contract,ETC,0,0,0
Pending,Liberia,Rivercess,LR14,Cestos City,Cestos City ETC,USAID Contract,ETC,0,0,0
Pending,Liberia,Rivercess,LR14,Rivercess,Rivercess,USAID Contract,ETC,0,0,0
Pending,Liberia,Sinoe,LR15,Sinoe,Sinoe,USAID Contract,ETC,0,0,0
Pending,Liberia,Sinoe,LR15,Greenville,Greenville ETC,USAID Contract,ETC,0,0,0
Functional,Liberia,Montserrado,LR11,Monrovia,Monrovia Medical Unit,USPHS,ETC,30,45,14
Pending,Sierra Leone,Eastern,SL01,Kono,Koidu Town,Wellbody,ETC,0,0,0
Pending,Liberia,Montserrado,LR11,Monrovia,ELWA4 Hospital,,ETC,0,0,0
Pending,Liberia,Montserrado,LR11,Monrovia,Ministry of Health,,ETC,0,0,0
Pending,Guinea,Conakry,GN002,,Koloma,,ETC,0,0,0
Pending,Guinea,Kankan,GN004,,Mâ€™Balia,,ETC,0,0,0
Pending,Guinea,Kinda,GN005,,Forecariah,,ETC,0,0,0
Pending,Guinea,Mamou,GN007,,,,ETC,0,0,0
Pending,Guinea,Mamou,GN007,,,,ETC,0,0,0
Pending,Guinea,Nzerekore,GN008,,,,ETC,0,0,0
Pending,Guinea,Nzerekore,GN008,,,,ETC,0,0,0
Pending,Sierra Leone,Western,SL04,Newton,HIM Newton,,ETC,0,0,0
Pending,Guinea,Nzerekore,GN008,,,,ETC,0,0,0
